1,"","","","","","Afar","","","","","","","","","アファル語","","","","","","","","","","","","",NULL,"0000-00-00 00:00:00","0000-00-00 00:00:00"
2,"абхазки","abchazština","Abkhazian","Abchasisch","αμπχαζικά","Abkhaz","abjazio","abhaasi","abhaasi","abkhaze","abhaski","Abház","Abkasíska","Abkhaziano","アブハズ語","Abchazų","Abhāziešu","Abkażjan","Abchazisch","Abkhasisk","abchaski","Abcaze","Abhaziană","abcházčina","abhaščina","abkhaziska","Abazaca",NULL,"0000-00-00 00:00:00","0000-00-00 00:00:00"
3,"","","","","","Avestan","","","","","","","","","アヴェスター語","","","","","","","","","","","","",NULL,"0000-00-00 00:00:00","0000-00-00 00:00:00"
4,"африканс","afrikánština","Afrikaans","Afrikaans","αφρικάνς","Afrikaans","afrikaans","afrikaani","afrikaans","afrikaans","afrikaans","Afrikaans","Afríkanska","Afrikaans","アフリカーンス語","Afrikanų","Afrikānss","Afrikans","Afrikaans","Afrikaans","afrikaans","Afrikaans","Afrikaans","afrikánčina","afrikanščina","afrikaans","Afrikaanca",NULL,"0000-00-00 00:00:00","0000-00-00 00:00:00"
5,"","","","","","Akan","","","","","","","","","アカン語","","","","","","","","","","","","",NULL,"0000-00-00 00:00:00","0000-00-00 00:00:00"
6,"","","","","","Amharic","","","","","","","","","アムハラ語","","","","","","","","","","","","",NULL,"0000-00-00 00:00:00","0000-00-00 00:00:00"
7,"арагонски","aragonština","Aragonesisk","Aragonesisch","γλώσσα της Aragon","Aragonese","aragonés","aragoni","aragonia","aragonais","aragonski","Aragóniai","Aragónska","Aragonese","アラゴン語","Aragoniečių","Aragoniešu","Aragoniż","Aragonees","Aragonesisk","aragoński","Aragonês","Aragoneză","aragónská španielčina","aragonščina","aragonesiska","Aragonca",NULL,"0000-00-00 00:00:00","0000-00-00 00:00:00"
8,"арабски","arabština","Arabisk","Arabisch","αραβικά","Arabic","árabe","araabia","arabia","arabe","arapski","Arab","Arabíska","Arabo","アラビア語","Arabų","Arābu","Għarbi","Arabisch","Arabisk","arabski","Árabe","Arabă","arabčina","arabščina","arabiska","Arapça",NULL,"0000-00-00 00:00:00","0000-00-00 00:00:00"
9,"асамски","ásámština","Assamesisk","Assamesisch","ασαμέζικα","Assamese","asamés","assami","assami","assamais","asamski","Assamesse","Assameíska","Assamese","アッサム語","Asamų","Asāmiešu","Assamiż","Assamees","Assamesisk","asamski","Assamês","Asameză","asámčina","asamščina","assami","Assamca",NULL,"0000-00-00 00:00:00","0000-00-00 00:00:00"
10,"","","","","","Avar","","","","","","","","","アヴァール語","","","","","","","","","","","","",NULL,"0000-00-00 00:00:00","0000-00-00 00:00:00"
11,"","","","","","Aymara","","","","","","","","","アイマラ語","","","","","","","","","","","","",NULL,"0000-00-00 00:00:00","0000-00-00 00:00:00"
12,"азербайджански","ázerbajdžánština","Aserbajdsjansk","Aserbeidschanisch","Αζερικά","Azerbaijani","azerí","aserbaidžaani"," aseri","azeri","azéri; azerbaïdjanais","azerski","Azerbajdzsáni","Aserbaídsjanska","Azero","アゼルバイジャン語","Azerbaidžaniečių","Azerbaidžānu","Ażerbajġani","Azerbeidzjaans","Aserbajdsjansk","azerbejdżański","Azeri","Azerbaijană","azerbajdžančina","azerščina","azerbajdzjanska",NULL,"0000-00-00 00:00:00","0000-00-00 00:00:00"
13,"","","","","","Bashkir","","","","","","","","","バシキール語","","","","","","","","","","","","",NULL,"0000-00-00 00:00:00","0000-00-00 00:00:00"
14,"белоруски","běloruština","Hviderussisk","Weißrussisch","λευκορωσικά","Belarusian","bielorruso","valgevene","valkovenäjä","biélorusse","bjeloruski","Belorusz","Belarusian","Bielorusso","ベラルーシ語","Baltarusių","Baltkrievu","Belarussu","Wit-Russisch","Hviterussisk","białoruski","Bielorusso","Bielorusă","bieloruština","beloruščina","vitryska","Belarusca",NULL,"0000-00-00 00:00:00","0000-00-00 00:00:00"
15,"български","bulharština","Bulgarsk","Bulgarisch","βουλγαρικά","Bulgarian","búlgaro","bulgaaria","bulgaria","bulgare","Bugarski","Bolgár","Búlgarska","Bulgaro","ブルガリア語","Bulgarų","Bulgāru","Bulgaru","Bulgaars","Bulgarsk","bułgarski","Búlgaro","Bulgară","bulharčina","bolgarščina","bulgariska","Bulgarca",NULL,"0000-00-00 00:00:00","0000-00-00 00:00:00"
16,"","","","","","Bihari","","","","","","","","","ビハール語","","","","","","","","","","","","",NULL,"0000-00-00 00:00:00","0000-00-00 00:00:00"
17,"","","","","","Bislama","","","","","","","","","ビスラマ語","","","","","","","","","","","","",NULL,"0000-00-00 00:00:00","0000-00-00 00:00:00"
18,"","","","","","Bambara","","","","","","","","","バンバラ語","","","","","","","","","","","","",NULL,"0000-00-00 00:00:00","0000-00-00 00:00:00"
19,"бенгалски","bengálština","Bengali","Bengalisch","μπενγκάλι","Bengali","bengalí","bengali","bengali","bengali","bengalski","Bengáli","Bengalska","Lingua bengali","ベンガル語","Bengalų","Bengāļu","Bengali","Bengalees","Bengali","bengalski","Bengali","Bengaleză","bengálčina","bengalščina","bengaliska","Bangladeşçe",NULL,"0000-00-00 00:00:00","0000-00-00 00:00:00"
20,"тибетски","tibetština","Tibetansk","Tibetisch","θιβετιανά","Tibetan","tibetano","tiibeti","tiibet","tibétain","tibetski","Tibeti","Tibetan","Tibetano","チベット語","Tibetiečių","Tibetas","Tibetjan","Tibetaans","Tibetansk","tybetański","Tibetano","Tibetană","tibetčina","tibetanščina","tibetanska","Tibetçe",NULL,"0000-00-00 00:00:00","0000-00-00 00:00:00"
21,"бретонски","bretonština","Bretonsk","Bretonisch","βρετονικά","Breton","bretón","bretooni","bretoni","breton","bretonski","Breton","Breton","Bretone","ブルトン語","Bretonų","Bretoņu","Breton","Bretons","Bretonsk","bretoński","Bretão","Bretonă","bretónčina","bretonščina","bretonska","Bretonca",NULL,"0000-00-00 00:00:00","0000-00-00 00:00:00"
22,"босненски","bosenština","Bosnisk","Bosnisch","βοσνιακά","Bosnian","bosnio","bosnia","bosnia","bosniaque","bosanski","Bosnyák","Bosnian","Bosniaco","ボスニア語","Bosnių","Bosniešu","Bożnijaku","Bosnisch","Bosnisk","bośniacki","Bósnio","Bosniacă","bosniačtina","bosanščina","bosniska","Boşnakça",NULL,"0000-00-00 00:00:00","0000-00-00 00:00:00"
23,"каталонски","kataláština","Catalansk","Katalanisch","καταλανικά","Catalan","catalán / valenciano","katalaani","katalaani","catalan / valencien","katalonski","Katalán/ valenciai","Catalan","Catalano / Valenciano","カタルーニャ語"," バレンシア語","Katalonų / Valensijos","Kataloniešu / valensiešu","Katalan / Valenzjan","Catalaans / Valenciaans","Katalansk","kataloński / walencjański","Catalão / Valenciano","Catalană","katalánčina","katalonščina / valencijščina","katalanska / valenciska",NULL,"0000-00-00 00:00:00","0000-00-00 00:00:00"
24,"чеченски","čečenština","Tjetjensk","Tschetschenisch","τσετσενικά","Chechen","checheno","tšetšeeni","tšetšeeni","tchétchène","čečenski","Csecsen","Téténska","Ceceno","チェチェン語","Čečenų","Čečenu","Ċeċen","Tsjetsjeens","Tsjetsjensk","czeczeński","Tchetcheno","Cecenă","čečenčina","čečenščina","tjetjenska","Çeçence",NULL,"0000-00-00 00:00:00","0000-00-00 00:00:00"
25,"","","","","","Chamorro","","","","","","","","","チャモロ語","","","","","","","","","","","","",NULL,"0000-00-00 00:00:00","0000-00-00 00:00:00"
26,"корсикански","korsičtina","Korsikansk","Korsisch","κορσικανικά","Corsican","corso","korsika","korsika","corse","korzikanski","Korzikai","Corsican","Corso","コルシカ語","Korsikiečių","Korsikāņu","Korsiku","Corsicaans","Korsikansk","korsykański","Corso","Corsicană","korzičtina","korzijščina","korsikanska","Korsikaca",NULL,"0000-00-00 00:00:00","0000-00-00 00:00:00"
27,"","","","","","Cree","","","","","","","","","クリー語","","","","","","","","","","","","",NULL,"0000-00-00 00:00:00","0000-00-00 00:00:00"
28,"чешки","čeština","Tjekkisk","Tschechisch","τσεχικά","Czech","checo","tšehhi","tšekki","tchèque","Češki","Cseh","Tékkneska","Ceco","チェコ語","Čekų","Čehu","Ċek","Tsjechisch","Tsjekkisk","czeski","Checo","Cehă","čeština","češčina","tjeckiska","Çekçe",NULL,"0000-00-00 00:00:00","0000-00-00 00:00:00"
29,"черковнославянски","staroslověnština","Kirkeslavisk","Kirchenslawisch","εκκλησιαστική σλαβική","Church Slavic","eslavo eclesiástico","kirikuslaavi","kirkkoslaavi","slavon d'église","crkvenoslavenski","Templomi szláv","Church Slavic","Church Slavonic","古代教会スラヴ語","Bažnytinė slavų kalba","Baznīcslāvu","Slaviku tal-Knisja","Kerkslavisch","Gammelslavisk","cerkiewno-słowiański","Eslavo de Igreja","Slavă bisericească","cirkevnoslovanské jazyky","stara cerkvena slovanščina","kyrkslaviska","Slavca",NULL,"0000-00-00 00:00:00","0000-00-00 00:00:00"
30,"","","","","","Chuvash","","","","","","","","","チュヴァシ語","","","","","","","","","","","","",NULL,"0000-00-00 00:00:00","0000-00-00 00:00:00"
31,"уелски","velština","Walisisk","Kymrisch","ουαλικά","Welsh","galés","kõmri","kymri","gallois","velški","Welszi","Velska","Gallese","ウェールズ語","Velsiečių","Velsiešu","Welx","Welsh","Walisisk","walijski","Galês","Galeză / Velşă","waleština","valižanščina","walesiska","Gaelce",NULL,"0000-00-00 00:00:00","0000-00-00 00:00:00"
32,"датски","dánština","Dansk","Dänisch","δανικά","Danish","danés","taani","tanska","danois","Danski","Dán","Danska","Danese","デンマーク語","Danų","Dāņu","Daniż","Deens","Dansk","duński","Dinamarquês","Daneză","dánčina","danščina","danska","Danca",NULL,"0000-00-00 00:00:00","0000-00-00 00:00:00"
33,"немски","němčina","Tysk","Deutsch","γερμανικά","German","alemán","saksa","saksa","allemand","Njemački","Német","Þýska","Tedesco","ドイツ語","Vokiečių","Vācu","Ġermaniż","Duits","Tysk","niemiecki","Alemão","Germană","nemčina","nemščina","tyska","Almanca",NULL,"0000-00-00 00:00:00","0000-00-00 00:00:00"
34,"","","","","","Dhivehi","","","","","","","","","ディベヒ語","","","","","","","","","","","","",NULL,"0000-00-00 00:00:00","0000-00-00 00:00:00"
35,"","","","","","Dzongkha","","","","","","","","","ゾンカ語","","","","","","","","","","","","",NULL,"0000-00-00 00:00:00","0000-00-00 00:00:00"
36,"","","","","","Ewe","","","","","","","","","エウェ語","","","","","","","","","","","","",NULL,"0000-00-00 00:00:00","0000-00-00 00:00:00"
37,"гръцки","řečtina","Græsk","Griechisch","ελληνικά","Modern Greek","griego","kreeka","kreikka","Grec","Grčki","görög","Gríska","Greco","ギリシア語","graikų","grieķu","Grieg","Grieks","Gresk","grecki","Grego","Greacă","gréčtina","grščina","grekiska","Yunanca",NULL,"0000-00-00 00:00:00","0000-00-00 00:00:00"
38,"английски","angličtina","Engelsk","Englisch","αγγλικά","English","inglés","inglise","englanti","anglais","Engleski","Angol","Enska","Inglese","英語","Anglų","Angļu","Ingliż","Engels","Engelsk","angielski","Inglês","Engleză","angličtina","angleščina","engelska","İngilizce",NULL,"0000-00-00 00:00:00","0000-00-00 00:00:00"
39,"есперанто","esperanto","Eperanto","Esperanto","εσπεράντο","Esperanto","esperanto","esperanto","esperanto","espéranto","esperanto","Eszperantó","Esperantó","Esperanto","エスペラント","Esperanto","Esperanto","Esperanto","Esperanto","Esperanto","esperanto","Esperanto","Esperanto","esperanto","esperanto","esperanto","Esperantoca",NULL,"0000-00-00 00:00:00","0000-00-00 00:00:00"
40,"испански","španělština / kastilština","Spansk","Spanisch / Kastilisch","ισπανικά / καστιλιάνικα","Spanish","español / castellano","hispaania / kastiilia","espanja / kastilian","espagnol / castillan","Španjolski / Kastiljski","Spanyol / Kasztíliai","Spænska / Kastilíska","Spagnolo / Castigliano","スペイン語","Ispanų / Kastilų","Spāņu / Kastīliešu","Spanjol / Kastilljan","Spaans / Castiliaans","Spansk / Kastiljansk","hiszpański / kastylijski","Espanhol / Castelhano","Spaniolă / Castiliană","španielčina / kastílčina","španščina / kastiljščina","spanska / kastiljanska","İspanyolca / Kastilyaca",NULL,"0000-00-00 00:00:00","0000-00-00 00:00:00"
41,"естонски","estonština","Estisk","Estnisch","εσθονικά","Estonian","estonio","eesti","viro","estonien","Estonski","Észt","Eistneska","Estone","エストニア語","Estų","Igauņu","Estonjan","Estisch","Estisk","estoński","Estónio","Estoniană","estónčina","estonščina","estniska","Estonca",NULL,"0000-00-00 00:00:00","0000-00-00 00:00:00"
42,"баски","baskičtina","Baskisk","Baskisch","βασκικά","Basque","eusquera","baski","baski","basque","baskijski","Baskír","Baskneska","basco","バスク語","Baskų","Basku","Bask","Baskisch","Baskisk","baskijski","Basco","Bască","baskilčtina","baskovščina","baskiska","Baskca",NULL,"0000-00-00 00:00:00","0000-00-00 00:00:00"
43,"персийски","perština","Persisk","Persisch","περσικά","Persian","persa","pärsia","farsi; persia","persan","perzijski","Perzsa","Persneska","Persiano","ペルシア語","Persų","Persiešu","Persjan","Perzisch","Persisk","perski","Persa","Persană","perzština","perzijščina","persiska","Farsça",NULL,"0000-00-00 00:00:00","0000-00-00 00:00:00"
44,"","","","","","Fula","","","","","","","","","フラ語","","","","","","","","","","","","",NULL,"0000-00-00 00:00:00","0000-00-00 00:00:00"
45,"фински","finština","Finsk","Finnisch","φινλανδικά","Finnish","finés","soome","suomi","finnois","Finski","Finn","Finnska","Finnico","フィンランド語","Suomių","Somu","Finlandiż","Fins","Finsk","fiński","Finlandês","Finlandeză","fínčina","finščina","finska","Fince",NULL,"0000-00-00 00:00:00","0000-00-00 00:00:00"
46,"фиджийски","fidžijština","Fijian","Fidschi","γλώσσα νησιών Φίτζι","Fijian","fidji","fidži","fidži","fidjien","fidžijski","Fijian","Fijian","Fijian","フィジー語","Fidžių","Fidži","Fiġjan","Fijisch","Fijisk","fidżyjski","Fidjiano","Fiji","fidžijčina","fidžijščina","fidjianska","Fijice",NULL,"0000-00-00 00:00:00","0000-00-00 00:00:00"
47,"фарьорски","faerština","Færøsk","Färöisch","φαροεζικά","Faroese","feroés","fääri","fääri","féroïen","ferojski","Faroese","Færeyska","Faroese","フェロー語","Farerų","Faroju","Fawriż","Faeröers","Færøysk","farerski","Feroês","Feroeză / Faroeză","faerčina","ferščina","färoiska","Faraoece",NULL,"0000-00-00 00:00:00","0000-00-00 00:00:00"
48,"френски","francouzština","Fransk","Französisch","γαλλικά","French","francés","prantsuse","ranska","français","Francuski","Francia","Franska","Francese","フランス語","Prancūzų","Franču","Franċiż","Frans","Fransk","francuski","Francês","Franceză","francúzština","francoščina","franska","Fransızca",NULL,"0000-00-00 00:00:00","0000-00-00 00:00:00"
49,"фризийски","západní fríština","Frisisk","Friesisch","φριζικά (Δυτική Φριζία)","West Frisian","frisón occidental","läänefriisi","friisi","frison occidental","frizijski","Nyugati fríz","Frísneska","Frisone","フリジア語","Vakarų fryzų","Rietumfrīzu","Friżjan tal-Punent","Fries","Frisisk","zachodniofryzyjski","Frísio Ocidental","Frisiană","frízština","zahodna frizijščina","västfrisiska","Frizyaca",NULL,"0000-00-00 00:00:00","0000-00-00 00:00:00"
50,"ирландски","irština","Irsk","Irisch","ιρλανδικά","Irish","irlandés","iiri","iiri","irlandais","irski","Ír","Írska","Gaelico irlandese","アイルランド語","Airių","Īru","Irlandiż","Iers","Irsk","irlandzki","Irlandês","Irlandeză","írčina","irščina","iriska","İrlandaca",NULL,"0000-00-00 00:00:00","0000-00-00 00:00:00"
51,"шотландски","skotština","Gælisk / Skotsk","Schottisch-Gälisch","σκωτικά","Gaelic","gaélico / gaélico escocés","gaeli","gaeli","gaélique / gaélique écossais","škotski gaelski","Gael / skót gael","Scottish Gaelic","Gaelico scozzese","スコットランド・ゲール語","Gėlų / Škotijos gėlų","Gēļu / skotu gēļu","Galliku / Galliku Skoċċiż","Gaelic / Schots Gaelic","Skotsk / Gælisk","gaelicki / gaelski szkocki","Gaélico / Gaélico Escocês","Gaelica Scoţiană","škótska gaelčina","gelščina / škotska gelščina","gaeliska / skotsk gaeliska","Gaelce",NULL,"0000-00-00 00:00:00","0000-00-00 00:00:00"
52,"галисийски","galicijština","Gallegan","Galicisch","γαλικιανά","Galician","gallego","galeegi","galicia","galicien","galicijski","Galíciai","Galician","Galiziano","ガリシア語","Galisų","Gallu","Galizzjan","Galicisch","Galisisk","galisyjski","Galego","Galică","galicijčina","galicijščina","galiciska","Galicyaca",NULL,"0000-00-00 00:00:00","0000-00-00 00:00:00"
53,"","","","","","Guaraní","","","","","","","","","グアラニー語","","","","","","","","","","","","",NULL,"0000-00-00 00:00:00","0000-00-00 00:00:00"
54,"","","","","","Gujarati","","","","","","","","","グジャラート語","","","","","","","","","","","","",NULL,"0000-00-00 00:00:00","0000-00-00 00:00:00"
55,"манкс","manština","Manx","Manxs","γλώσσα Νήσου Μαν","Manx","manés","mänksi","manx","manx; mannois","manski","Manx","Manx","Manx","マン島語","Manksų","Menksu","Manks","Manx","Mansk","manx","Manx","Limba manx","mančina","manska gelščina","manx","Manksça",NULL,"0000-00-00 00:00:00","0000-00-00 00:00:00"
56,"","","","","","Hausa","","","","","","","","","ハウサ語","","","","","","","","","","","","",NULL,"0000-00-00 00:00:00","0000-00-00 00:00:00"
57,"иврит","hebrejština","Hebraisk","Hebräisch","εβραϊκά","Modern Hebrew","hebreo","heebrea","heprea","hébreu","hebrejski","Héber","Hebreska","Ebraico","ヘブライ語","Hebrajų","Ēbreju","Ebrajk","Hebreeuws","Hebraisk","hebrajski","Hebraico","Ebraică","hebrejčina","hebrejščina","hebreiska","İbranice",NULL,"0000-00-00 00:00:00","0000-00-00 00:00:00"
58,"хинди","hindština","Hindi","Hindi","χίντι","Hindi","hindi","hindi","hindi","hindi","hindski","Hindi","Hindí","Hindi","ヒンディー語","Hindi","Hindi","Ħindi","Hindi","Hindi","hindi","Hindi","Hindi","hindčina","hindijščina","hindi","Hintçe",NULL,"0000-00-00 00:00:00","0000-00-00 00:00:00"
59,"","","","","","Hiri Motu","","","","","","","","","ヒリモトゥ語","","","","","","","","","","","","",NULL,"0000-00-00 00:00:00","0000-00-00 00:00:00"
60,"хърватски","chorvatština","Kroatisk","Kroatisch","κροατικά","Croatian","croata","horvaadi","kroatia","croate","Hrvatski","Horvát","króatíska","Croato","クロアチア語","Kroatų","Horvātu","Kroat","Kroatisch","Kroatisk","chorwacki","Croata","Croată","chorvátčina","hrvaščina","kroatiska","Hırvatça",NULL,"0000-00-00 00:00:00","0000-00-00 00:00:00"
61,"хаитянски","haitská kreolština","Haitisk","Haitianisch","Κρεολή Αϊτής+G94","Haitian Creole","haitiano"," criollo haitiano","haiti; haiti kreooli","haiti","haïtien; créole haïtien","haićanski","Haiti; haiti kreol","Haitian","Creolo Haitiano; Haitiano","ハイチ語","Haitiečių; Haičio kreolų","Haiti; Haiti kreolu","Ħaitjan; Kreol tal-Ħaiti","Haïtiaans; Haïtiaans Creools","Haitisk kreolsk","haitański; kreolski haitański","Haitiano; Criolo Haitiano","Haitiană","haitská francúzska kreolčina","haitščina; haitska kreolščina","haitiska; haitisk kreolska",NULL,"0000-00-00 00:00:00","0000-00-00 00:00:00"
62,"унгарски","maďarština","Ungarsk","Ungarisch","ουγρικά","Hungarian","húngaro","ungari","unkari","hongrois","Mađarski","Magyar","Ungverska","Ungherese","ハンガリー語","Vengrų","Ungāru","Ungeriż","Hongaars","Ungarsk","węgierski","Húngaro","Maghiară","maďarčina","madžarščina","ungerska","Macarca",NULL,"0000-00-00 00:00:00","0000-00-00 00:00:00"
63,"арменски","arménština","Armensk","Armenisch","αρμενικά","Armenian","armenio","armeenia","armenia","arménien","armenski","Örmény","Armenska","Armeno","アルメニア語","Armėnų","Armēņu","Armen","Armeens","Armensk","ormiański","Arménio","Armeană","arménčina","armenščina","armeniska","Ermenice",NULL,"0000-00-00 00:00:00","0000-00-00 00:00:00"
64,"","","","","","Herero","","","","","","","","","ヘレロ語","","","","","","","","","","","","",NULL,"0000-00-00 00:00:00","0000-00-00 00:00:00"
65,"","","","","","Interlingua","","","","","","","","","インターリングア","","","","","","","","","","","","",NULL,"0000-00-00 00:00:00","0000-00-00 00:00:00"
66,"индонезийски","indonéština","Indonesisk","Bahasa Indonesia","ινδονησιακά","Indonesian","indonesio","indoneesia","indonesia","indonésien","indonezijski","Indonéziai","Indonesian","Indonesiano","インドネシア語","Indoneziečių","Indonēziešu","Indoneżjan","Indonesisch","Indonesisk","indonezyjski","Indonésio","Indoneziană","indonézsky jazyk","indonezijščina","indonesiska","Endonezce",NULL,"0000-00-00 00:00:00","0000-00-00 00:00:00"
67,"","","","","","Interlingue","","","","","","","","","インターリング","","","","","","","","","","","","",NULL,"0000-00-00 00:00:00","0000-00-00 00:00:00"
68,"","","","","","Igbo","","","","","","","","","イボ語","","","","","","","","","","","","",NULL,"0000-00-00 00:00:00","0000-00-00 00:00:00"
69,"","","","","","Yi","","","","","","","","","彝語（ロロ語）","","","","","","","","","","","","",NULL,"0000-00-00 00:00:00","0000-00-00 00:00:00"
70,"","","","","","Inupiaq","","","","","","","","","イヌピア語","","","","","","","","","","","","",NULL,"0000-00-00 00:00:00","0000-00-00 00:00:00"
71,"","","","","","Ido","","","","","","","","","イド語","","","","","","","","","","","","",NULL,"0000-00-00 00:00:00","0000-00-00 00:00:00"
72,"исландски","islandština","Islandsk","Isländisch","ισλανδικά","Icelandic","islandés","islandi","islanti","islandais","Islandski","Izlandi","Íslenska","Islandese","アイスランド語","Islandų","Islandiešu","Iżlandiż","IJslands","Islandsk","islandzki","Islandês","Islandeză","islandčina","islandščina","isländska","İzlandaca",NULL,"0000-00-00 00:00:00","0000-00-00 00:00:00"
73,"италиански","italština","Italiensk","Italienisch","ιταλικά","Italian","italiano","itaalia","italia","italien","Talijanski","Olasz","Ítalska","Italiano","イタリア語","Italų","Itāļu","Taljan","Italiaans","Italiensk","włoski","Italiano","Italiană","taliančina","italijanščina","italienska","İtalyanca",NULL,"0000-00-00 00:00:00","0000-00-00 00:00:00"
74,"","","","","","Inuktitut","","","","","","","","","イヌイット語","","","","","","","","","","","","",NULL,"0000-00-00 00:00:00","0000-00-00 00:00:00"
75,"японски","japonština","Japansk","Japanisch","ιαπωνικά","Japanese","japonés","jaapani","japani","japonais","japanski","Japán","Japanska","Giapponese","日本語","Japonų","Japāņu","Ġappuniż","Japans","Japansk","japoński","Japonês","Japoneză","japončina","japonščina","japanska","Japonca",NULL,"0000-00-00 00:00:00","0000-00-00 00:00:00"
76,"явански","javánština","Javanesisk","Javanisch","ιαβανικά","Javanese","javanés","jaava","jaava","javanais","javanski","Jávai","Javanska","Giavanese","ジャワ語","Javiečių","Javiešu","Ġavaniż","Javaans","Javanesisk","jawajski","Javanês","Javaneză","jávčina","javanščina","javanesiska","Javaca",NULL,"0000-00-00 00:00:00","0000-00-00 00:00:00"
77,"грузински","gruzínština","Georgisk","Georgisch","γεωργιανά","Georgian","georgiano","gruusia","georgia","géorgien","gruzijski","Grúz","Georgíska","Georgiano","グルジア語","Gruzinų","Gruzīnu","Ġeorġjan","Georgisch","Georgisk","gruziński","Geórgio","Georgiană","gruzínčina","gruzinščina","georgiska","Gürcüce",NULL,"0000-00-00 00:00:00","0000-00-00 00:00:00"
78,"конгоански","konžština","Kongo","Kongo-Sprache","Κονγκό","Kongo","kongo","kongo","kongo","kongo","kongo","Kongó","Kongo","Kongo","コンゴ語","Kongo","Kongo","Kongo","Congolees","Kongolesisk","kongo","Congo","Congoleză","kongo","kongovščina","kongo","Kongoca",NULL,"0000-00-00 00:00:00","0000-00-00 00:00:00"
79,"","","","","","Gikuyu","","","","","","","","","キクユ語","","","","","","","","","","","","",NULL,"0000-00-00 00:00:00","0000-00-00 00:00:00"
80,"","","","","","Kwanyama","","","","","","","","","クワニャマ語","","","","","","","","","","","","",NULL,"0000-00-00 00:00:00","0000-00-00 00:00:00"
81,"","","","","","Kazakh","","","","","","","","","カザフ語","","","","","","","","","","","","",NULL,"0000-00-00 00:00:00","0000-00-00 00:00:00"
82,"","","","","","Kalaallisut","","","","","","","","","グリーンランド語","","","","","","","","","","","","",NULL,"0000-00-00 00:00:00","0000-00-00 00:00:00"
83,"","","","","","Central Khmer","","","","","","","","","クメール語","","","","","","","","","","","","",NULL,"0000-00-00 00:00:00","0000-00-00 00:00:00"
84,"","","","","","Kannada","","","","","","","","","カンナダ語","","","","","","","","","","","","",NULL,"0000-00-00 00:00:00","0000-00-00 00:00:00"
85,"корейски","korejština","Koreansk","Koreanisch","κορεατικά","Korean","coreano","korea","korea","coréen","korejski","Koreai","Korean","Coreano","朝鮮語","Korėjiečių","Korejiešu","Korean","Koreaans","Koreansk","koreański","Coreano","Coreană","kórejčina","korejščina","koreanska","Korece",NULL,"0000-00-00 00:00:00","0000-00-00 00:00:00"
86,"","","","","","Kanuri","","","","","","","","","カヌリ語","","","","","","","","","","","","",NULL,"0000-00-00 00:00:00","0000-00-00 00:00:00"
87,"","","","","","Kashmiri","","","","","","","","","カシミール語","","","","","","","","","","","","",NULL,"0000-00-00 00:00:00","0000-00-00 00:00:00"
88,"кюрдски","kurdština","Kurdisk","Kurdisch","κουρδικά","Kurdish","kurdo","kurdi","kurdi","kurde","kurdski","Kurd","Kurdish","Curdo","クルド語","Kurdų","Kurdu","Kurd","Koerdisch","Kurdisk","kurdyjski","Curdo","Kurdă","kurdčina","kurdščina","kurdiska","Kürtçe",NULL,"0000-00-00 00:00:00","0000-00-00 00:00:00"
89,"","","","","","Komi","","","","","","","","","コミ語","","","","","","","","","","","","",NULL,"0000-00-00 00:00:00","0000-00-00 00:00:00"
90,"корнуолски","kornština","Cornisk","Kornisch","κορνουαλικά","Cornish","córnico","korni","korni","cornique","Cornish","Cornwalli kelta","Cornish","Cornico","コーンウォル語","Kornų","Korniešu","Korniku","Cornish","Kornisk","kornijski","Córnico","Cornică","kornčina","kornijščina","corniska","Kornişce",NULL,"0000-00-00 00:00:00","0000-00-00 00:00:00"
91,"киргизки","kyrgyzština","Kirgisisk","Kirgisisch","κιργιζικά","Kyrgyz","kirguís","kirgiisi","kirgiisi","kirghize","kirgiski","Kirgíz","Kirghiz","Kirghiso","キルギス語","Kirgizų","Kirgīzu","Kirgiż","Kirgizisch","Kirgisisk","kirgiski","Quirguize","Chirghiză","kirgizština","kirgiščina","kirgisiska","Kırgızca",NULL,"0000-00-00 00:00:00","0000-00-00 00:00:00"
92,"латински","latina","Latin","Latein","λατινικά","Latin","latín","ladina","latina","latin","latinski","Latin","Latína","Latino","ラテン語","Lotynų","Latīņu","Latin","Latijn","Latin","łaciński","Latim","Latină","latinčina","latinščina","latin","Latince",NULL,"0000-00-00 00:00:00","0000-00-00 00:00:00"
93,"люксембургски","lucemburština","Letzeburgesch","Luxemburgisch","λουξεμβουργιανά","Luxembourgish","luxemburgués","letseburgi","luxemburg","luxembourgeois","luksemburški","Luxemburgi","Lúxemborgíska","Lussemburghese","ルクセンブルク語","Liuksemburgiečių","Luksemburgiešu","Lussemburgiż; Letzurgiż","Luxemburgs","Luxembourgisk","luksemburski","Luxemburguês","Luxemburgheză","luxemburčina","luksemburščina","luxemburgiska","Lüksemburgca",NULL,"0000-00-00 00:00:00","0000-00-00 00:00:00"
94,"","","","","","Luganda","","","","","","","","","ガンダ語","","","","","","","","","","","","",NULL,"0000-00-00 00:00:00","0000-00-00 00:00:00"
95,"лимбургски","limburština","Limburgish","Limburgisch","γλώσσα Λιμβούργου","Limburgish","limburgués","limburgi","limburg","limbourgeois","Limburgish","Limburgi","Limburgish","Limburghese","リンブルフ語","Limburgiečių","Limburgiešu","Limburgan; Limburger; Limburgiż","Limburgs","Limburgisk","limburski","Limburguês","Limburgheză","limburčina","limburščina","limburgiska","Limburgca",NULL,"0000-00-00 00:00:00","0000-00-00 00:00:00"
96,"лингала","lingala","Lingala","Lingala","λινγκάλα","Lingala","lingala","lingala","lingala","lingala","Lingala","Lingala","Lingala","Lingala","リンガラ語","Lingala","Lingālu","Lingala","Lingala","Lingala","lingala","Lingala","Lingala","lingala","lingala","lingala","Lingalaca",NULL,"0000-00-00 00:00:00","0000-00-00 00:00:00"
97,"","","","","","Lao","","","","","","","","","ラーオ語","","","","","","","","","","","","",NULL,"0000-00-00 00:00:00","0000-00-00 00:00:00"
98,"литовски","litevština","Litauisk","Litauisch","λιθουανικά","Lithuanian","lituano","leedu","liettua","lituanien","Litavski","Litván","Litháíska","Lituano","リトアニア語","Lietuvių","Lietuviešu","Litwan","Litouws","Litauisk","litewski","Lituano","Lituaniană","litovčina","litvanščina","litauiska","Litvanca",NULL,"0000-00-00 00:00:00","0000-00-00 00:00:00"
99,"","","","","","Luba-Katanga","","","","","","","","","ルバ・カタンガ語","","","","","","","","","","","","",NULL,"0000-00-00 00:00:00","0000-00-00 00:00:00"
100,"латвийски","lotyšština","Lettisk","Lettisch","λεττονικά","Latvian","letón","läti","latvia","letton","Latvijski","Lett","Lettneska","Lettone","ラトビア語","Latvių","Latviešu","Latvjan","Lets","Latvisk","łotewski","Letão","Letonă","lotyština","latvijščina","lettiska","Letonca",NULL,"0000-00-00 00:00:00","0000-00-00 00:00:00"
101,"малгашки","malgaština","Malagasy","Malagassi-Sprache","μαλγασικά","Malagasy","malgache","malagassi","malagassi","malgache","malgaški","Malagasy","Malagasy","Malagasy","マダガスカル語","Malagasių","Malagasi","Malagażi","Malagassisch","Gassisk","malgaski","Malgache","Malgaşă","malagaština","malgaščina","malagasy","Malagasi",NULL,"0000-00-00 00:00:00","0000-00-00 00:00:00"
102,"","","","","","Marshallese","","","","","","","","","マーシャル語","","","","","","","","","","","","",NULL,"0000-00-00 00:00:00","0000-00-00 00:00:00"
103,"","","","","","Māori","","","","","","","","","マオリ語","","","","","","","","","","","","",NULL,"0000-00-00 00:00:00","0000-00-00 00:00:00"
104,"македонски","makedonština","Makedonsk","Makedonisch","σλαβομακεδονικά","Macedonian","macedonio","makedoonia","makedonia","macédonien","makedonski","Macedón","Makedónska","Macedone","マケドニア語","Makedonų","Maķedoniešu","Maċedonjan","Macedonisch","Makedonsk","macedoński","Macedónio","Macedoneană","macedónčina","makedonščina","makedonska","Makedonca",NULL,"0000-00-00 00:00:00","0000-00-00 00:00:00"
105,"","","","","","Malayalam","","","","","","","","","マラヤーラム語","","","","","","","","","","","","",NULL,"0000-00-00 00:00:00","0000-00-00 00:00:00"
106,"монголски","mongolština","Mongolsk","Mongolisch","μογγολικά","Mongolian","mongol","mongoli","mongoli","mongol","mongolski","Mongol","Mongolian","Mongolo","モンゴル語","Mongolų","Mongoļu","Mongoljan","Mongools","Mongolsk","mongolski","Mongol","Mongoleză","mongolčina","mongolščina","mongoliska","Moğolca",NULL,"0000-00-00 00:00:00","0000-00-00 00:00:00"
107,"молдовски","moldavština","Moldovisk","Moldauisch","μολδαβικά","Moldovan","moldavo","moldova","moldavia","moldave","moldavski","Moldáv","Moldavian","Moldavo","モルダビア語","Moldavų","Moldāvu","Moldavjan","Moldavisch","Moldovsk","mołdawski","Moldavo","Moldovenească","moldavčina","moldavščina","moldaviska","Moldovca",NULL,"0000-00-00 00:00:00","0000-00-00 00:00:00"
108,"","","","","","Marathi","","","","","","","","","マラーティー語","","","","","","","","","","","","",NULL,"0000-00-00 00:00:00","0000-00-00 00:00:00"
109,"малайски","malajština","Malajisk","Malaiisch","μαλαισιανά","Malay","malayo","malai","malaiji","malais","malajski","Maláj","Malay","Malay","マレー語","Malajų","Malajiešu","Malajan","Maleis","Malayisk","malajski","Malaio","Malaeziană","malajčina","malajščina","malajiska","Malezyaca",NULL,"0000-00-00 00:00:00","0000-00-00 00:00:00"
110,"малтийски","maltština","Maltesisk","Maltesisch","Μαλτεζικά","Maltese","maltés","malta","malta","maltais","Malteški","Máltai","Maltneska","Maltese","マルタ語","Maltiečių","Maltiešu","Malti","Maltees","Maltesisk","maltański","Maltês","Malteză","maltčina","malteščina","maltesiska","Maltaca",NULL,"0000-00-00 00:00:00","0000-00-00 00:00:00"
111,"бирмански","barmština","Burmesisk","Burmesisch; Birmanisch","βιρμανικά","Burmese","birmano","birma","burma","birman","burmanski","Burméziai","Burmese","Burmese","ビルマ語","Birmiečių","Birmiešu","Burmiż","Birmees","Burmesisk","birmański","Birmanês","Birmaneză","barmčina","burmanščina","burmesiska","Burmaca",NULL,"0000-00-00 00:00:00","0000-00-00 00:00:00"
112,"","","","","","Nauruan","","","","","","","","","ナウル語","","","","","","","","","","","","",NULL,"0000-00-00 00:00:00","0000-00-00 00:00:00"
113,"норвежки (bokmål)","norština (bokmål)","Norsk (Riksmål)","Norwegisch (Bokmål)","νορβηγικά (μπόκμωλ)","Norwegian Bokmål","noruego (bokmal)","norra (bokmål)","norja (bokmål)","norvégien (bokmål)","norveški (bokmål)","Novég (Bokmal)","Norska (Bókmál)","Norvegese (Bokmål)","ブークモール（ノルウェー語）","Norvegų (standartinė kalba)","Norvēģu (Bokmål)","Norveġiż (Bokmahal)","Noors (Bokmǻl)","Norsk (Bokmål)","norweski (bokmål)","Norueguês (Bokmål)","Norvegiană","nórčina (Bokmal)","norveščina (bokmål)","norska (bokmål)","Norveççe (Bokmål)",NULL,"0000-00-00 00:00:00","0000-00-00 00:00:00"
114,"","","","","","Northern Ndebele","","","","","","","","","北ンデベレ語","","","","","","","","","","","","",NULL,"0000-00-00 00:00:00","0000-00-00 00:00:00"
115,"непалски","nepálština","Nepalesisk","Nepali","γλώσσα του Νεπάλ","Nepali","nepalí","nepaali","nepali","népalais","Nepali","Nepáli","Nepali","Nepalese","ネパール語","Nepalų","Nepāļu","Nepaliż","Nepalees","Nepali","nepalski","Nepalês","Nepaleză","nepálčina","nepalščina","nepalesiska","Nepalce",NULL,"0000-00-00 00:00:00","0000-00-00 00:00:00"
116,"","","","","","Ndonga","","","","","","","","","ンドンガ語","","","","","","","","","","","","",NULL,"0000-00-00 00:00:00","0000-00-00 00:00:00"
117,"холандски","nizozemština (holandština)","Hollandsk","Niederländisch","ολλανδικά","Dutch","neerlandés","hollandi","hollanti","néerlandais","Nizozemski","Holland","Hollenska","Olandese","オランダ語","Olandų","Nīderlandiešu","Olandiż","Nederlands","Nederlandsk","holenderski","Neerlandês","Olandeză","holandčina","nizozemščina","nederländska","Hollandaca",NULL,"0000-00-00 00:00:00","0000-00-00 00:00:00"
118,"норвежки (nynorsk)","norština (nynorsk)","Norsk (Nynorsk)","Norwegisch (Nynorsk)","νορβηγικά (νίνορσκ)","Norwegian Nynorsk","noruego (nynorsk)","noora (uusnorra)","norja (nynorsk)","norvégien (nynorsk)","novonorveški (nynorsk)","Norvég (Nynorsk)","Norska (Nýnorska)","Norvegese (Nynorsk)","ニーノシュク（ノルウェー語）","Norvegų (naujoji kalba)","Norvēģu (Nynorsk)","Norveġiż (Ninorsk)","Noors (Nynorsk)","Norsk (Nynorsk)","norweski (nynorsk)","Norueguês (Nynors)","norveški (nynorsk)","nórčina (nynorsk)","norveščina (nynorsk)","norska (nynorska)","Norveççe (Norsk)",NULL,"0000-00-00 00:00:00","0000-00-00 00:00:00"
119,"норвежки","norština","Norsk","Norwegisch","νορβηγικά","Norwegian","noruego","norra","norja","norvégien","Norveški","Ónorvég","Norska","Norvegese","ノルウェー語","Norvegų","Norvēģu","Norveġiż","Noors","Norsk","norweski","Norueguês","Norvegiană","nórčina","norveščina","norska","Norveççe",NULL,"0000-00-00 00:00:00","0000-00-00 00:00:00"
120,"","","","","","Southern Ndebele","","","","","","","","","南ンデベレ語","","","","","","","","","","","","",NULL,"0000-00-00 00:00:00","0000-00-00 00:00:00"
121,"","","","","","Navajo","","","","","","","","","ナヴァホ語","","","","","","","","","","","","",NULL,"0000-00-00 00:00:00","0000-00-00 00:00:00"
122,"","","","","","Chichewa","","","","","","","","","チェワ語","","","","","","","","","","","","",NULL,"0000-00-00 00:00:00","0000-00-00 00:00:00"
123,"окситански","okcitánština","Occitansk","Okzitanisch (Andere)","οξιτανικά (μετά το 1500)","Occitan","occitano (después de 1500); provenzal","provansi; provanssaali","oksitaani","occitan (après 1500); provençal","osetski","Gall (1500 után); Provençal","Occitan","Occitano (dopo il 1500); Provenzale","オック語","Oksitanų (po 1500 m.); provansalų","Oksitāņu (pēc 1500.g.); provansāļu","Oċċitan (wara l-1500); Provenzal","Occitaans (na 1500); Provençaals","Oksitansk","oksytański (po 1500); prowansalski","Occitânio (pós-1500); Provençal","Occitană","ocitánčina (po roku 1500); provensalčina","okcitanščina (po 1500); provansalščina","occitanska (efter 1500); provensalska","Oksitanca",NULL,"0000-00-00 00:00:00","0000-00-00 00:00:00"
124,"","","","","","Anishinaabe","","","","","","","","","オジブワ語","","","","","","","","","","","","",NULL,"0000-00-00 00:00:00","0000-00-00 00:00:00"
125,"","","","","","Oromo","","","","","","","","","オロモ語","","","","","","","","","","","","",NULL,"0000-00-00 00:00:00","0000-00-00 00:00:00"
126,"","","","","","Oriya","","","","","","","","","オリヤー語","","","","","","","","","","","","",NULL,"0000-00-00 00:00:00","0000-00-00 00:00:00"
127,"","","","","","Ossetic","","","","","","","","","オセット語","","","","","","","","","","","","",NULL,"0000-00-00 00:00:00","0000-00-00 00:00:00"
128,"","","","","","Punjabi","","","","","","","","","パンジャーブ語","","","","","","","","","","","","",NULL,"0000-00-00 00:00:00","0000-00-00 00:00:00"
129,"","","","","","Pali","","","","","","","","","パーリ語","","","","","","","","","","","","",NULL,"0000-00-00 00:00:00","0000-00-00 00:00:00"
130,"полски","polština","Polsk","Polnisch","πολωνικά","Polish","polaco","poola","puola","polonais","Poljski","Lengyel","Pólska","Polacco","ポーランド語","Lenkų","Poļu","Pollakk","Pools","Polsk","polski","Polaco","Polonă","poľština","poljščina","polska","Lehçe",NULL,"0000-00-00 00:00:00","0000-00-00 00:00:00"
131,"","","","","","Pashto","","","","","","","","","パシュトー語","","","","","","","","","","","","",NULL,"0000-00-00 00:00:00","0000-00-00 00:00:00"
132,"португалски","portugalština","Portugisisk","Portugiesisch","πορτογαλικά","Portuguese","portugués","portugali","portugali","portugais","Portugalski","Portugál","Portúgalska","Portoghese","ポルトガル語","Portugalų","Portugāļu","Portugiż","Portugees","Portugisisk","portugalski","Português","Portugheză","portugalčina","protugalščina","portugisiska","Portekizce",NULL,"0000-00-00 00:00:00","0000-00-00 00:00:00"
133,"","","","","","Quechua","","","","","","","","","ケチュア語","","","","","","","","","","","","",NULL,"0000-00-00 00:00:00","0000-00-00 00:00:00"
134,"реторомански","rétorománština","Rætoromansk","Rätoromanisch","ρετο-ρωμανικά","Romansh","reto-románicas","retoromaani","retoromaani","rhéto-roman ; (romanche)","retoromanski","Rétoromán","Raeto-Romance","Romancio"," Reto-romanzo","レト・ロマンス語群","Retoromanų kalbos","Retoromāņu","Reto-Romanz","Retoromaans","Retoromansk","retoromański","Reto-Romano","Reto-Română","rétorománčina","retoromanščina","rätoromanska",NULL,"0000-00-00 00:00:00","0000-00-00 00:00:00"
135,"","","","","","Kirundi","","","","","","","","","ルンディ語","","","","","","","","","","","","",NULL,"0000-00-00 00:00:00","0000-00-00 00:00:00"
136,"румънски","rumunština","Rumænsk","Rumänisch","ρουμανικά","Romanian","rumano","rumeenia","romania","roumain","Rumunjski","Román","Rúmenska","Rumeno","ルーマニア語","Rumunų","Rumāņu","Rumen","Roemeens","Rumensk","rumuński","Romeno","Română","rumunčina","romunščina","rumänska","Rumence",NULL,"0000-00-00 00:00:00","0000-00-00 00:00:00"
137,"руски","ruština","Russisk","Russisch","ρωσικά","Russian","ruso","vene","venäjä","russe","ruski","Orosz","Rússneska","Russo","ロシア語","Rusų","Krievu","Russu","Russisch","Russisk","rosyjski","Russo","Rusă","ruština","ruščina","ryska","Rusça",NULL,"0000-00-00 00:00:00","0000-00-00 00:00:00"
138,"","","","","","Kinyarwanda","","","","","","","","","ルワンダ語","","","","","","","","","","","","",NULL,"0000-00-00 00:00:00","0000-00-00 00:00:00"
139,"","","","","","Sanskrit","","","","","","","","","サンスクリット","","","","","","","","","","","","",NULL,"0000-00-00 00:00:00","0000-00-00 00:00:00"
140,"сардински","sardština","Sardinsk","Sardisch","σαρδηνιακά","Sardinian","sardo","sardi","sardi","sarde","sardski","Szardíniai","Sardinian","Sardo","サルデーニャ語","Sardinų","Sardīniešu","Sard","Sardijns","Sardinsk","sardyński","Sardo","Sardiniană","sardínsky jazyk","sardščina","sardiska","Sarduca",NULL,"0000-00-00 00:00:00","0000-00-00 00:00:00"
141,"","","","","","Sindhi","","","","","","","","","シンディー語","","","","","","","","","","","","",NULL,"0000-00-00 00:00:00","0000-00-00 00:00:00"
142,"северносаамски","sami jazyky"," severní","Nordsamisk","Nordsamisch","βορειολαπωνικά","Northern Sami","sami septentrional","põhjasaami","saame"," pohjois-","sami du Nord","Northern Sami","Északi sami","en:Northern Sami","Sami settentrionale","サモス語","Šiaurės samių","Ziemeļsāmu","Sami ta' Fuq","Noord-Samisch","Nordsamisk","północny sami","Sami Setentrional","Sami","sami (laponské) jazyky"," severné",NULL,"0000-00-00 00:00:00","0000-00-00 00:00:00"
143,"","","","","","Sango","","","","","","","","","サンゴ語","","","","","","","","","","","","",NULL,"0000-00-00 00:00:00","0000-00-00 00:00:00"
144,"","","","","","Sinhala","","","","","","","","","シンハラ語","","","","","","","","","","","","",NULL,"0000-00-00 00:00:00","0000-00-00 00:00:00"
145,"словашки","slovenština","Slovakisk","Slowakisch","σλοβακικά","Slovak","eslovaco","slovaki","slovakki","slovaque","Slovački","Szlovák","Slovakíska","Slovacco","スロバキア語","Slovakų","Slovāku","Slovakk","Slowaaks","Slovakisk","słowacki","Eslovaco","Slovacă","slovenčina","slovaščina","slovakiska","Slovakça",NULL,"0000-00-00 00:00:00","0000-00-00 00:00:00"
146,"словенски","slovinština","Slovensk","Slowenisch","σλοβενικά","Slovene","esloveno","sloveeni","sloveeni","slovène","Slovenski","Szlovén","Slóvenska","Sloveno","スロベニア語","Slovėnų","Slovēņu","Sloven","Sloveens","Slovensk","słoweński","Eslovénio","Slovenă","slovinčina","slovenščina","slovenska","Slovence",NULL,"0000-00-00 00:00:00","0000-00-00 00:00:00"
147,"","","","","","Samoan","","","","","","","","","サモア語","","","","","","","","","","","","",NULL,"0000-00-00 00:00:00","0000-00-00 00:00:00"
148,"","","","","","Shona","","","","","","","","","ショナ語","","","","","","","","","","","","",NULL,"0000-00-00 00:00:00","0000-00-00 00:00:00"
149,"сомалийски","somálština","Somalisk","Somali","σομαλικά","Somali","somalí","somaali","somali","somali","somalski","Szomáli","Somali","Somalo","ソマリ語","Somalių","Somāļu","Somali","Somalisch","Somalisk","somalijski","Somali","Somaleză","somálčina","somalščina","somaliska","Somalice",NULL,"0000-00-00 00:00:00","0000-00-00 00:00:00"
150,"албански","albánština","Albansk","Albanisch","αλβανικά","Albanian","albanés","albaania","albania","albanais","albanski","Albán","Albanska","Albanese","アルバニア語","Albanų","Albāņu","Albaniż","Albanees","Albansk","albański","Albanês","Albaneză","albánčina","albanščina","albanska","Arnavutça",NULL,"0000-00-00 00:00:00","0000-00-00 00:00:00"
151,"сръбски","srbština","Serbisk","Serbisch","σερβικά","Serbian","serbio","serbia","serbia","serbe","srpski","Szerb","Serbneska","Serbo","セルビア語","Serbų","Serbu","Serb","Servisch","Serbisk","serbski","Sérvio","Sârbă","srbčina","srbščina","serbiska","Sırpça",NULL,"0000-00-00 00:00:00","0000-00-00 00:00:00"
152,"","","","","","Swati","","","","","","","","","スワジ語","","","","","","","","","","","","",NULL,"0000-00-00 00:00:00","0000-00-00 00:00:00"
153,"","","","","","Sotho","","","","","","","","","南ソト語","","","","","","","","","","","","",NULL,"0000-00-00 00:00:00","0000-00-00 00:00:00"
154,"","","","","","Sundanese","","","","","","","","","スンダ語","","","","","","","","","","","","",NULL,"0000-00-00 00:00:00","0000-00-00 00:00:00"
155,"шведски","švédština","Svensk","Schwedisch","Σουηδικά","Swedish","Sueco","rootsi","ruotsi","Suédois","Švedski","svéd","Sænska","Svedese","スウェーデン語","Švedų","Zviedru","Svediż","Zweeds","Svensk","szwedzki","Sueco","Suedeză","švédčina","švedščina","Svenska","İsveççe",NULL,"0000-00-00 00:00:00","0000-00-00 00:00:00"
156,"суахили","svahilština","Swahili","Swahili","σουαχίλι","Swahili","swahili","suahiili","swahili","swahili","svahili","Swahili","Swahili","Swahili","スワヒリ語","Svahilių","Svahilu","Swaħili","Swahili","Swahili","suahili","Swahili","Swahili","svahilčina","svahili","swahili","swahilice",NULL,"0000-00-00 00:00:00","0000-00-00 00:00:00"
157,"","","","","","Tamil","","","","","","","","","タミル語","","","","","","","","","","","","",NULL,"0000-00-00 00:00:00","0000-00-00 00:00:00"
158,"","","","","","Telugu","","","","","","","","","テルグ語","","","","","","","","","","","","",NULL,"0000-00-00 00:00:00","0000-00-00 00:00:00"
159,"","","","","","Tajik","","","","","","","","","タジク語","","","","","","","","","","","","",NULL,"0000-00-00 00:00:00","0000-00-00 00:00:00"
160,"","","","","","Thai","","","","","","","","","タイ語","","","","","","","","","","","","",NULL,"0000-00-00 00:00:00","0000-00-00 00:00:00"
161,"","","","","","Tigrinya","","","","","","","","","ティグリニャ語","","","","","","","","","","","","",NULL,"0000-00-00 00:00:00","0000-00-00 00:00:00"
162,"туркменски","turkmenština","Turkmensk","Turkmenisch","τουρκμενικά","Turkmen","turcomano","turkmeeni; türkmeeni","turkmeeni","turkmène","turkmenski","Türkmén","Turkmen","Turcmeno","トルクメン語","Turkmėnų","Turkmēņu","Turkmen","Turkmeens","Turkmensk","turkmeński","Turquemeno","Turmenă","turkménčina","turkmenščina","turkmeniska","Türkmence",NULL,"0000-00-00 00:00:00","0000-00-00 00:00:00"
163,"","","","","","Tagalog","","","","","","","","","タガログ語","","","","","","","","","","","","",NULL,"0000-00-00 00:00:00","0000-00-00 00:00:00"
164,"","","","","","Tswana","","","","","","","","","ツワナ語","","","","","","","","","","","","",NULL,"0000-00-00 00:00:00","0000-00-00 00:00:00"
165,"","","","","","Tongan","","","","","","","","","トンガ語","","","","","","","","","","","","",NULL,"0000-00-00 00:00:00","0000-00-00 00:00:00"
166,"турски","turečtina","Tyrkisk","Türkisch","Tουρκικά","Turkish","turco","türgi","turkki","turc","Turski","Török","Tyrkneska","Turco","トルコ語","Turkų","Turku","Tork","Turks","Tyrkisk","turecki","Turco","Turcă","turečtina","turščina","turkiska","Türkçe",NULL,"0000-00-00 00:00:00","0000-00-00 00:00:00"
167,"","","","","","Tsonga","","","","","","","","","ツォンガ語","","","","","","","","","","","","",NULL,"0000-00-00 00:00:00","0000-00-00 00:00:00"
168,"","","","","","Tatar","","","","","","","","","タタール語","","","","","","","","","","","","",NULL,"0000-00-00 00:00:00","0000-00-00 00:00:00"
169,"","","","","","Twi","","","","","","","","","トウィ語","","","","","","","","","","","","",NULL,"0000-00-00 00:00:00","0000-00-00 00:00:00"
170,"таитянски","tahitština","Tahitiansk","Tahitisch","γλώσσα Ταϊτής","Tahitian","tahitiano","tahiti","tahiti","tahitien","tahićanski","Tahiti","Tahitian","Tahitian","タヒチ語","Taičio","Taiti","Taħitjan","Tahitisch","Tahitisk","tahitański","Taitiano","Tahitiană","tahitčina","tahitijščina","tahitiska","Tahitice",NULL,"0000-00-00 00:00:00","0000-00-00 00:00:00"
171,"","","","","","Uyghur","","","","","","","","","ウイグル語","","","","","","","","","","","","",NULL,"0000-00-00 00:00:00","0000-00-00 00:00:00"
172,"украински","ukrajinština","Ukrainsk","Ukrainisch","ουκρανικά","Ukrainian","ucraniano","ukraina","ukraina","ukrainien","ukrajinski","Ukrán","Úkraínska","Ucraino","ウクライナ語","Ukrainiečių","Ukraiņu","Ukrain","Oekraïens","Ukrainsk","ukraiński","Ucraniano","Ucrainiană","ukrajinčina","ukrajinščina","ukrainska","Ukraynaca",NULL,"0000-00-00 00:00:00","0000-00-00 00:00:00"
173,"урду","urdština","Urdu","Urdu","ούρντου","Urdu","urdu","urdu","urdu","ourdou","urdski","Urdu","en:Urdu","Urdu","ウルドゥー語","Urdu","Urdu","Urdu","Urdu","Urdu","urdu","Urdu","Urdu","urdčina","urdujščina","urdu","Urduca",NULL,"0000-00-00 00:00:00","0000-00-00 00:00:00"
174,"узбекски","uzbečtina","Usbekisk","Usbekisch","ουζμπέκ","Uzbek","uzbeko","usbeki","uzbekki","ouszbek","Uzbek","Üzbég","Uzbek","Usbeco; usbeko"," uzbeco"," usbecco","ウズベク語","Uzbekų","Uzbeku","Użbek","Oezbeeks","Usbekisk","uzbecki","Uzbeque","Uzbecă","uzbečtina","uzbeščina",NULL,"0000-00-00 00:00:00","0000-00-00 00:00:00"
175,"","","","","","Venda","","","","","","","","","ベンダ語","","","","","","","","","","","","",NULL,"0000-00-00 00:00:00","0000-00-00 00:00:00"
176,"виетнамски","vietnamština","Vietnamesisk","Vietnamesisch","βιετναμεζικά","Vietnamese","vietnamita","vietnami","vietnam","vietnamien","vijetnamski","Vietnámi","Víetnamska","Vietnamita","ベトナム語","Vietnamiečių","Vjetnamiešu","Vjetnamiż","Vietnamees","Vietnamesisk","wietnamski","Vietnamita","Vietnameză","vietnamčina","vietnamščina","vietnamesiska","Vietnamca",NULL,"0000-00-00 00:00:00","0000-00-00 00:00:00"
177,"волапюк","volapük","Volapük","Volapük","βόλαπουκ","Volapük","volapuk","volapüki","volapük","volapük","Volapük","Volapük","en:Volapük","Volapük","ヴォラピュク","Volapiukas","Vola","Volapuk","Volapük","Volapük","volapük","Volapük","Volapük","volapük","volapük","volapük","Volapükçe",NULL,"0000-00-00 00:00:00","0000-00-00 00:00:00"
178,"","","","","","Walloon","","","","","","","","","ワロン語","","","","","","","","","","","","",NULL,"0000-00-00 00:00:00","0000-00-00 00:00:00"
179,"","","","","","Wolof","","","","","","","","","ウォロフ語","","","","","","","","","","","","",NULL,"0000-00-00 00:00:00","0000-00-00 00:00:00"
180,"","","","","","Xhosa","","","","","","","","","コサ語","","","","","","","","","","","","",NULL,"0000-00-00 00:00:00","0000-00-00 00:00:00"
181,"идиш","jidiš","Jiddisch","Jiddisch","Γίντις","Yiddish","yídish","jidiši","jiddiš","yiddish","jidiš","Jiddis","Yiddish","Yiddish","イディッシュ語","Jidiš","Jidišs","Jiddix","Jiddisch","Jiddisk","jidysz","Yiddish","Idiş","jidiš","jidiš","jiddish","Yidce",NULL,"0000-00-00 00:00:00","0000-00-00 00:00:00"
182,"","","","","","Yoruba","","","","","","","","","ヨルバ語","","","","","","","","","","","","",NULL,"0000-00-00 00:00:00","0000-00-00 00:00:00"
183,"","","","","","Zhuang","","","","","","","","","チワン語","","","","","","","","","","","","",NULL,"0000-00-00 00:00:00","0000-00-00 00:00:00"
184,"китайски","čínština","Kinesisk","Chinesisch","κινεζικά","Chinese","chino","hiina","kiina","chinois","kineski","Kinai","Kínverska","Cinese","中国語","Kinų","Ķīniešu","Ċiniż","Chinees","Kinesisk","chiński","Chinês","Chineză","čínština","kitajščina","kinesiska","Çince",NULL,"0000-00-00 00:00:00","0000-00-00 00:00:00"
185,"","","","","","Zulu","","","","","","","","","ズールー語","","","","","","","","","","","","",NULL,"0000-00-00 00:00:00","0000-00-00 00:00:00"
